,uniqueID,drugName,condition,review,rating,date,usefulCount,sentiment
0,370201,ValsartanMirtazapine,Left Ventricular DysfunctionDepression,"""It has no side effect, I take it in combination of Bystolic 5 Mg and Fish Oil""""I&#039;ve tried a few antidepressants over the years (citalopram, fluoxetine, amitriptyline), but none of those helped with my depression, insomnia &amp; anxiety. My doctor suggested and changed me onto 45mg mirtazapine and this medicine has saved my life. Thankfully I have had no side effects especially the most common - weight gain, I&#039;ve actually lost alot of weight. I still have suicidal thoughts but mirtazapine has saved me.""",19,20-May-1228-Feb-12,49,4
1,301733,GuanfacineMesalamine,"ADHDCrohn's Disease, Maintenance","""My son is halfway through his fourth week of Intuniv. We became concerned when he began this last week, when he started taking the highest dose he will be on. For two days, he could hardly get out of bed, was very cranky, and slept for nearly 8 hours on a drive home from school vacation (very unusual for him.) I called his doctor on Monday morning and she said to stick it out a few days. See how he did at school, and with getting up in the morning. The last two days have been problem free. He is MUCH more agreeable than ever. He is less emotional (a good thing), less cranky. He is remembering all the things he should. Overall his behavior is better. 
We have tried many different medications and so far this is the most effective.""""My son has Crohn&#039;s disease and has done very well on the Asacol.  He has no complaints and shows no side effects.  He has taken as many as nine tablets per day at one time.  I&#039;ve been very happy with the results, reducing his bouts of diarrhea drastically.""",16,27-Apr-1017-May-09,209,4
2,252375,LybrelBactrim,Birth ControlUrinary Tract Infection,"""I used to take another oral contraceptive, which had 21 pill cycle, and was very happy- very light periods, max 5 days, no other side effects. But it contained hormone gestodene, which is not available in US, so I switched to Lybrel, because the ingredients are similar. When my other pills ended, I started Lybrel immediately, on my first day of period, as the instructions said. And the period lasted for two weeks. When taking the second pack- same two weeks. And now, with third pack things got even worse- my third period lasted for two weeks and now it&#039;s the end of the third week- I still have daily brown discharge.
The positive side is that I didn&#039;t have any other side effects. The idea of being period free was so tempting... Alas.""""Quick reduction of symptoms""",14,14-Dec-0929-Sep-17,20,3
3,177293,Ortho EvraContrave,Birth ControlWeight Loss,"""This is my first time using any form of birth control. I&#039;m glad I went with the patch, I have been on it for 8 months. At first It decreased my libido but that subsided. The only downside is that it made my periods longer (5-6 days to be exact) I used to only have periods for 3-4 days max also made my cramps intense for the first two days of my period, I never had cramps before using birth control. Other than that in happy with the patch""""Contrave combines drugs that were used for alcohol, smoking, and opioid cessation. People lose weight on it because it also helps control over-eating. I have no doubt that most obesity is caused from sugar/carb addiction, which is just as powerful as any drug. I have been taking it for five days, and the good news is, it seems to go to work immediately. I feel hungry before I want food now. I really don&#039;t care to eat; it&#039;s just to fill my stomach. Since I have only been on it a few days, I don&#039;t know if I&#039;ve lost weight (I don&#039;t have a scale), but my clothes do feel a little looser, so maybe a pound or two. I&#039;m hoping that after a few months on this medication, I will develop healthier habits that I can continue without the aid of Contrave.""",17,3-Nov-155-Mar-17,45,4
4,133464,Buprenorphine / naloxoneCyclafem 1 / 35,Opiate DependenceBirth Control,"""Suboxone has completely turned my life around.  I feel healthier, I&#039;m excelling at my job and I always have money in my pocket and my savings account.  I had none of those before Suboxone and spent years abusing oxycontin.  My paycheck was already spent by the time I got it and I started resorting to scheming and stealing to fund my addiction.  All that is history.  If you&#039;re ready to stop, there&#039;s a good chance that suboxone will put you on the path of great life again.  I have found the side-effects to be minimal compared to oxycontin.  I&#039;m actually sleeping better.   Slight constipation is about it for me.  It truly is amazing. The cost pales in comparison to what I spent on oxycontin.""""I have been on this birth control for one cycle. After reading some of the reviews on this type and similar birth controls I was a bit apprehensive to start. Im giving this birth control a 9 out of 10 as I have not been on it long enough for a 10. So far I love this birth control! My side effects have been so minimal its like Im not even on birth control! I have experienced mild headaches here and there and some nausea but other than that ive been feeling great! I got my period on cue on the third day of the inactive pills and I had no idea it was coming because I had zero pms! My period was very light and I barely had any cramping! I had unprotected sex the first month and obviously didn&#039;t get pregnant so I&#039;m very pleased! Highly recommend""",18,27-Nov-1622-Oct-15,41,4
5,364050,CialisZyclara,Benign Prostatic HyperplasiaKeratosis,"""2nd day on 5mg started to work with rock hard erections however experianced headache, lower bowel preassure. 3rd day erections would wake me up &amp; hurt! Leg/ankles aches   severe lower bowel preassure like you need to go #2 but can&#039;t! Enjoyed the initial rockhard erections but not at these side effects or $230 for months supply! I&#039;m 50 &amp; work out 3Xs a week. Not worth side effects!""""4 days in on first 2 weeks.  Using on arms and face. Put vaseline on lips, under eyes and in nostrils to protect from cream.  So far no reaction at all.  I know I have many pre cancer and thought I would light up like a Christmas tree but so far so good.  Maybe it&#039;s coming but time will tell.""",6,28-Nov-153-Jul-14,56,0
6,381799,LevonorgestrelCopper,Emergency ContraceptionBirth Control,"""He pulled out, but he cummed a bit in me. I took the Plan B 26 hours later, and took a pregnancy test two weeks later - - I&#039;m pregnant.""""I&#039;ve had the copper coil for about 3 months now. I was really excited at the thought of not taking hormones. I&#039;m good with pain however I nearly fainted with insertion, couldn&#039;t belive how painful it was; the doctor did say it is very painful for some. Well 3 months in, my periods last 11 days and I&#039;m in pain for about 15 days with random twangs especially in the left side and I&#039;m considering whether I want to put up with the intense pain and heavy periods. I&#039;d recommend this 100% to somebody who doesn&#039;t already have heavy painful periods but right now it just isn&#039;t for me""",7,7-Mar-176-Jun-16,6,1
7,272506,AripiprazoleAmitriptyline,Bipolar DisordeMigraine Prevention,"""Abilify changed my life. There is hope. I was on Zoloft and Clonidine when I first started Abilify at the age of 15.. Zoloft for depression and Clondine to manage my complete rage. My moods were out of control. I was depressed and hopeless one second and then mean, irrational, and full of rage the next. My Dr. prescribed me 2mg of Abilify and from that point on I feel like I have been cured though I know I&#039;m not.. Bi-polar disorder is a constant battle. I know Abilify works for me because I have tried to get off it and lost complete control over my emotions. Went back on it and I was golden again.  I am on 5mg 2x daily. I am now 21 and better than I have ever been in the past. Only side effect is I like to eat a lot.""""This has been great for me. I&#039;ve been on it for 2 weeks and in the last week I only had 3 headaches which went away with 2 Tylenol. I was having chronic daily headaches that wouldn&#039;t go away no matter what I took. I&#039;m still a little sleepy during the day, but I know that will get better. I take 10mg at night.""",19,14-Mar-1521-Apr-09,64,4
8,98106,KeppraMethadone,EpilepsyOpiate Withdrawal,""" I Ve had  nothing but problems with the Keppera : constant shaking in my arms &amp; legs &amp; pins &amp; needles feeling in my arms &amp; legs severe light headedness no appetite &amp; etc.""""Ive been on Methadone for over ten years and currently,I am trying to get off of this drug. Ive been decreasing my does 2 mgs per month for over a year. I am at 3 mgs and really starting to feel the withdraw.I don&#039;t plan to get my next 30 doses.because its almost rediculous how little it does for me. I have 3 does doses of 3 mg and Im terrified. Can anyone give me some truthful encouragement?.....""",8,9-Aug-1618-Oct-16,32,2
9,120356,Ethinyl estradiol / levonorgestrelLevora,Birth ControlBirth Control,"""I had been on the pill for many years. When my doctor changed my RX to chateal, it was as effective. It really did help me by completely clearing my acne, this takes about 6 months though. I did not gain extra weight, or develop any emotional health issues. I stopped taking it bc I started using a more natural method of birth control, but started to take it bc I hate that my acne came back at age 28. I really hope symptoms like depression, or weight gain do not begin to affect me as I am older now. I&#039;m also naturally moody, so this may worsen things. I was in a negative mental rut today. Also I hope this doesn&#039;t push me over the edge, as I believe I am depressed. Hopefully it&#039;ll be just like when I was younger.""""I was on this pill for almost two years. It does work as far as not getting pregnant however my experience at first was it didn&#039;t make a huge difference then 6 or 7 months into it my sex drive went down, along with being very very dry, my moodiness increased drastically. I would cry one second and then get angry with my husband over anything and everything. My skin has gotten a lot worse, I broke out in places I never had in the last week. So now I am on Yaz.""",10,8-Dec-1616-Apr-11,4,2
10,226409,TopiramateParoxetine,Migraine PreventionHot Flashes,"""I have been on this medication almost two weeks, started out on 25mg and working my way up to 100mg, currently at 50mg. No headaches at all so far and I was having 2-3 crippling migraines a week. I have lost 5.2lbs so far but note I am really paying close attention to what I am eating, I have a lot of weight to lose and if weight loss is a side effect I want to help it along as much as I can.  Now, other side effects, they are there the word recall issues exist, the memory issues, the worst of it seems to be the vision disturbances, there have been times I have just not driven because I&#039;m sure it would not have been safe. The good news is it seems to be wearing off...I have tons of energy and I am in a great mood.""""Holy Hell is exactly how I feel. I had been taking Brisdelle for 1.5 years. The hot flashes did indeed subside - however, the side affects of this medicine coupled with the fact Noven was acquired by YET another pharmaceutical company - YOU CAN&#039;T PLACE A REP IN THE AREA, DISTRIBUTE YOUR DRUGS, AND THEN FIRE HER-AND NOT REPLACE THEREFORE there is NO medicine or support here. You dumped this drug in the Dr&#039;s hands and walked away. After calling Sebula - you act like you don&#039;t even care. You have made it impossible to obtain this. I happen to think this is illegal.  I just decided to wean myself off this and Premarin. It has been nothing short of a nightmare. If you don&#039;t need this drug- DON&#039;T START. Seriously.""",10,1-Jan-1522-Feb-17,36,2
11,107559,L-methylfolateMiconazole,DepressionVaginal Yeast Infection,"""I have taken anti-depressants for years, with some improvement but mostly moderate to severe side affects, which makes me go off them.

I only take Cymbalta now mostly for pain.

When I began Deplin, I noticed a major improvement overnight. More energy, better disposition, and no sinking to the low lows of major depression. I have been taking it for about 3 months now and feel like a normal person for the first time ever. Best thing, no side effects.""""Honestly its day one on the 3 day treatment. Yes it burns a bit and it does leak out if you dont lay down after insertion. But im faithful it will work.""",16,9-Mar-177-May-15,61,3
12,196197,PentasaBelviq,Crohn's DiseaseWeight Loss,"""I had Crohn&#039;s with a resection 30 years ago and have been mostly in remission since.  Have recently had a bad flare and narrowing at the anastomosis and need to be on medication, but haven&#039;t found one that I can handle.  Asacol gave me such serious body aching and fatigue that I could not function.  Pentasa immediately gave me heart palpitations and arrhythmias so I had to discontinue it.""""This is a waste of money.  Did not curb my appetite nor did it make me feel full.""",5,6-Jul-1323-Sep-14,65,0
13,288056,DextromethorphanSeroquel,CoughSchizoaffective Disorde,"""Have a little bit of a lingering cough from a cold. Not giving me much trouble except keeps me up at night. I heard this was good so I took so I could get some sleep. Helped tremendously with the cough but then I was having bad stomach cramps and diarrhea. I hadn&#039;t eaten anything that should have upset my stomach and it didn&#039;t really feel like a &quot;bug&quot; so I looked up side effects for Delsym.  Now I wish I had done that first because I probably wouldn&#039;t have taken it. So, while it worked for my cough I still didn&#039;t get any sleep due to the stomach issues.""""No problems, watch what you eat.""",14,7-Sep-178-Oct-14,20,2
14,195507,NexplanonAmbien,Birth ControlInsomnia,"""Started Nexplanon 2 months ago because I have a minimal amount of contraception&#039;s I can take due to my inability to take the hormone that is used in most birth controls. I&#039;m trying to give it time because it is one of my only options right now. But honestly if I had options I&#039;d get it removed.
I&#039;ve never had acne problems in my life, and immediately broke out after getting it implanted. Sex drive is completely gone, and I used to have sex with my boyfriend a few days a week, now its completely forced and not even fun for me anymore. I mean I&#039;m on birth control because I like having sex but don&#039;t want to get pregnant, why take a birth control that takes away sex? Very unhappy and hope that I get it back with time or I&#039;m getting it removed.""""Ditto on rebound sleepless when discontinued. I have done very strange things with no memory including taking additional Ambien. It has helped me sleep when under extreme stress but watch out. Now I am trying to learn how to sleep naturally.""",5,7-Aug-1413-Jan-15,54,0
15,295266,LiraglutideNuvigil,ObesityNarcolepsy,"""I have been taking Saxenda since July 2016.  I had severe nausea for about a month once I got up to the 2.6 dosage.  It has since subsided and the only side effect I notice now is the dry mouth.  I make sure to drink  2.5 litres of water a day (about 10 glasses).  This helps with the weight loss as well as the constipation.  I have been reducing my dose to find a comfortable spot where I am still losing weight but don&#039;t feel like I am over medicating.  For me, 1.8 is working very well.  I also feel wearing a Fitbit has really helped.  I can track my food, water, exercise and steps - it keeps me moving more.  When this started I could barely walk the length of myself without getting winded - I have lost 58 lbs so far.""""A doctor in the ER prescribed me 200 mg of Provigil when I was first diagnosed with Narcolepsy. It didn&#039;t seem to have any effect on me at all. Then I went to see my sleep doctor and he prescribed me 250 mg of Nuvigil. It finally allowed me to stay awake for an entire day. But if I went out somewhere I would be able to come home and take a nap and be fully awake again. Taking that with Xyrem makes me feel 98%..not quite 100, but still pretty great.""",18,19-Jan-1730-Jun-10,34,4
16,199862,TrimethoprimChantix,Urinary Tract InfectionSmoking Cessation,"""This drug worked very well for me and cleared up my UTI in a matter of 48hrs, although I was on a 7 day course of 2x200mg/daily. Unfortunately once the tablets finished the infection returned so needed a 2nd course. I&#039;m currently taking a low dose at evening to keep the infection at bay while the specialists do some tests.  I normally get every side effect going and dread taking new medication in any form especially after an horrific experience with Ciorofloxacin but the only side effect I experienced with this was itchy ankles and feet on day two but that didn&#039;t last into third day so I would class this as a minor side effect and insignificant. Good luck.""""I smoked for 50+ years.  Took it for one week and that was it.  I didn&#039;t think it was possible for me to quit.  It has been 6 years now.  Great product.""",19,22-Sep-1714-Feb-15,26,4
17,253042,AmitriptylineMicrogestin Fe 1 / 20,ibromyalgiaAcne,"""I&#039;ve been taking amitriptyline since January 2013 after being diagnosed with fibromyalgia. I tried cymbalta for a week and my Dr decided that since it kept me awake 24/7 that it wasn&#039;t a good fit for me even though it relieved my pain. I started with 25 mg. After 2 weeks I had some breakthrough pain, so my Dr increased my dosage to 50mg and I&#039;m still on that dosage today. For the first full year I was on this I never had pain and felt &#039;cured&#039;. As time went on, it seems to help control my pain. I do still have pain, but at a low manageable level. I take this around 7pm each evening to avoid feeling overly drowsy in the mornings. This med allows me to have a fairly normal life.""""So I was on Ginanvi for about 3 months before I switched over to this pill due to the high cost of Ginavi (I don&#039;t have insurance). Ginanvi had cleared up my acne in the short time I used and I was hoping this birth control would not mess that up. I was wrong. After 2-3 months of using this pill my skin went crazy with horrible breakouts. Now, 9 months later I still have horrible acne. If you want a pill that helps with acne this is NOT it. It also made my period &quot;weird&quot;. I would have little to no period one month and a heavy one the next . The month that I had a heavier flow my boobs would hurt a lot. I also noticed that at the beginning of taking it , I would be moody and extremely irritable all the time . It&#039;s time for me to switch.""",12,15-Mar-1722-Jun-17,40,2
18,242478,LamotrigineKlonopin,Bipolar DisordeBipolar Disorde,"""I&#039;ve been on every medicine under the sun (it seems) to manage the hypomania / mania of Bipolar2. Within a few days of starting Lamictal (was on Tegretol) it was as if someone had turned a light on in my head. Is this the way &quot;normal&quot; people think? was one of the first things that struck me. I sleep like a log, have no irritability, almost no anger (other than what would be considered normal). I am able to focus and my creative, impulsive thoughts have decreased enough to be manageable. It&#039;s a God send as I would perennially be in a state of hypo mania, which sounds great, but I was physically and emotionally exhausted. My libido is markedly lower but I wonder if that is perhaps an effect of not being hypo manic. I take 20 mg for anxiety.""""This medication helped me  sleep, but eventually it became ineffective as a sleep aid. It also helps me calm down when in severe stress, anxiety, or panic.""",16,9-Nov-1414-Jul-09,42,3
19,272195,NilotinibCiprofloxacin,Chronic Myelogenous LeukemiaUrinary Tract Infection,"""I have been on Tasigna for just over 3 years now (300mg x 2 times a day) Tasigna worked for me within a few weeks I have been in remission for basically the entire 3 years. As for the side effects, I feel sick to my stomach, tired,  severe leg and arm pain, I can&#039;t walk to long without needing a break, I went from working full time to not working at all because I am so tired all the time.... but hey I am in remission and alive so is all the above really a problem? Nope""""After just 1 dose of this ciprofloxacn, I felt 99% better.""",20,1-Sep-159-Jun-10,20,4
20,243769,AtriplaTrazodone,HIV InfectionInsomnia,"""Spring of 2008 I was hospitalized with pnuemonia and diagnosed with Lyme diease and full blown AIDS with CD4 count of &quot;11&quot; viral load some number so high in the millions I could never remember. I was taking Combivir and Kaletra with Dapsone for the 1st year then it stopped working. I started Kaletra with the Dapsone my CD4 count is now 209 and rising. For a few weeks I was very aggressive and broke all my dishes in the house LOL. I take vitamin supplements and drink a boost pluz every day. LIfe is good now!""""If I could give it a 0, I would absolutely do so.  Started at 50mg, and felt WIRED.  Wanted to get up and clean the house!  Bumped it to 100mg, less wired, but still wide awake all night.  Bumped to 150, with the same lack of effect.  MD informed me after this dose it becomes less effective for sleep, so why even bother.  15 years of trying different sleep medications and alternatives, and this, I can say for sure, was the LEAST effective I have ever come across.  At it&#039;s low price point, feel free to give it a try, and maybe you will be luckier?  Everyone&#039;s sleep conditions are different.  But if you get hyper after benadryl, expect the same reaction to this drug.""",9,9-Jul-1018-Oct-16,26,2
21,269582,TrazodoneEnteraGam,InsomniaIrritable Bowel Syndrome,"""I have insomnia, it&#039;s horrible. My story begins with my PCP prescribing me Prozac to help with intestinal issues, because I was desperate I tried it, I was on it for 3 weeks. Stopped because of insomnia. Then I was prescribed Ativan, it out me out, but was very addicting. I had rebound insomnia. Then after about 14 days I hardly any sleep l tried the doctor one more time. I asked him about Trazadone. He told me that was a good medication for insomnia. He put me on 25 mgs, but stated I may have to figure out what dosage is best for me. I am currently taking 100 mgs, which is on the low range of what is prescribed, 400 mgs being at the high end for insomnia. I have the dry mouth and nasel congestion. I can live with that, I sleep now, yeah...""""I am so happy with the samples provided by my Endocrinologist. The only thing I am so sad about is that I cannot afford the prohibitive costs. However, overall this is the best thing I&#039;ve ever had to make my Irritable Bowel Syndrome-D tolerable. I can go out of the house again without worrying and the terrible stomach pains are a thing of the past.""",19,3-Apr-161-Jan-15,86,4
22,329989,EtonogestrelAripiprazole,Birth ControlBipolar Disorde,"""Nexplanon does its job. I can have worry free sex. The only thing is that my periods are sometimes light and sometimes heavy. Sometimes they go away and sometimes they show up unexpected. I also feel somewhat depressed. Not sure if its Nexplanon or not. I&#039;ve had Nexplanont for about 2 months now, but despite the side effects its the most effective birth control I&#039;ve ever used and I do not plan on taking it out.""""After a few days and it &quot;kicked in,&quot; every noise in the house would make me jump, pictures on TV would feel as if they were 3-D and make me jump, and I literally felt like my skin was crawling, moving, and melding to things, such as blankets. My mind focused and keyed in on every piece of white noise there was and I had sweaty, night hot flashes with chills.""",10,11-Aug-1410-Feb-10,38,2
23,54554,EtanerceptCyclosporine,Rheumatoid ArthritisKeratoconjunctivitis Sicca,"""I live in Western Australia and disturbed by some comments on here. The cost of Embrel is cost of an ordinary prescription $36 for me the government pays the remainder of the cost to the chemist. I also go to the the medical centre every Saturday morning a Dr looks over my prescription and then he advises the nurse to administer the injection also no cost to myself and this is part of nurses duties. I am unsure of the country where people who have made comments referring to cost and that nobody is there to  administer the injection for them. I am very lucky to live in Australia as we have the best health system worldwide and everybody is  given the opportunity to receive proper medical help whether you are rich or poor there is no discrimination.""""They didn&#039;t help my dry eyes at all.""",11,16-Sep-1731-Dec-15,21,2
24,404176,TioconazoleOxybutynin,Vaginal Yeast InfectionHyperhidrosis,"""Do not use the cream that comes with this. It turned my hoo-ha into a burning ring of fire. It is 1 am and I have to work tomorrow. It&#039;s going to be a sleepless night for me""""This drug is pretty amazing. I&#039;ve had hyperhydrosis of the palms, soles and underarms since hitting puberty. I was skeptic since I&#039;ve previously tried botox, iontophoresis and drysol with limited results. However, after three days of taking oxybutynin (5mg 3x a day) I was 95% sweat-free. My only negative things to say about the drug is about side effects. I have gotten fairly dizzy/spaced out a few times, and I experience dry mouth pretty often. However, that&#039;s not bad in comparison to the acne I&#039;ve gotten. I used to get pimples around once a month, however now I have ones lasting for &lt;6 wks, varying in size/colour. I constantly have groups of acne on my face. Does anyone have any remedies? I&#039;ve tried acne masks, cleansers and tea tree oil.""",10,17-Apr-1730-May-17,17,2
25,281190,AzithromycinLurasidone,Chlamydia InfectionBipolar Disorde,"""Was prescribed one dose over the course of one day, took 4 pills of 250mg after a light lunch, and had nausea and mild stomach pains/upset. Lying down did not alleviate the discomfort and threw up 3 hours later. Called up my doctor to check if I needed to take another dose but he said my body would have absorbed the pills by then. Still experiencing mild stomach pains but nausea is mostly gone now.""""This medication should not be being prescribed for Bipolar 2, a milder form of a different illness, called Biploar 1, for which this medication works very well. Folks, Doctors NEED to be using SCIENCE to treat illnesses, not giving out random prescriptions for 2+ medications for 1 illness. If your Doctor is not doing monthly blood tests AT LEAST to see how the medications are affecting your body chemistry and serotonin levels, then you need to fire the Doctor and find one who does do his/her job the right way, and who is good at the science part of the job. Every medication you take counteracts and interacts with the other medications and the foods and other things that you put into your body each day messing with the chemistry of your body""",13,14-Dec-1511-Feb-17,25,3
26,379571,EflornithineClonazepam,HirsutismPanic Disorde,"""I&#039;m writing a second review on Vaniqa.  I started using this in February this year. Twice a day although some days/times I do forget. I just want to say how delighted I am to have found this. It has totally and completely changed my life! I had terrible male pattern hair growth all over my cheeks, chin, upper and lower lip and starting to grow down my neck. I used to pluck for up to 2 hrs a time every 3rd day but was never hair free. I wouldn&#039;t kiss anyone hello or goodbye as even plucked the stubble could be felt under my skin. 3 months on im not scared of being caught in bright sunlight I pluck around once a fortnight and it takes around 10 mins. The hairs that are coming through are soft and downy. My life is transformed.""""klonopin has definitely given me my life back!""",20,11-May-1419-Apr-08,146,4
27,114171,DaytranaCiclopirox,"ADHDOnychomycosis, Fingernail","""Hi all, My son who is 12 was diagnosed when he was in 2nd grade. We tried everything before medication. When we tried meds, the first one made him loose weight, fast. The second gave him a nasty tic that thankfully went away as soon as he stopped the med, the third worked for a couple of years and around January of last year we started to have problems so his doctor recommended Daytrana. It has been wonderful for my son! Easy to use, he handles this for himself each day and takes it off when he gets home from school. The patch effects last long enough for him to do his homework. He does have issues with weight gain and sleep but he uses melatonin before bed if he feels like he will not be able to shut down. The shortage is KILLING us!""""Worked quickly and well. I learned by trial that trimming/filing away dead pieces of nail once a week when removing is key for it to work.""",18,12-Jan-172-Jun-16,49,4
28,319488,AtivanSodium oxybate,Panic DisordeNarcolepsy,"""Honestly, I have been taking ativan for 2 years now 1mg twice daily.  It does help but it should be used as a tool for panic attacks NOT A SOLUTION.  I have tried so many anti-depressants as well such as cymbalta, cipralex and a couple more.  The best thing is to talk to close friends and family or even a psychiatrist.  talking to people and venting is honestly the best thing you can do for yourself even though it takes a lot of will power to do it.  I would love to hear other people opinion.""""2.75g x 2 every night for five years. Deeper sleep with dreaming not infrequent. No side effects whatsoever. I&#039;ve not gotten used to the salt added during manufacture.""",16,1-Jun-1510-Jan-13,66,3
29,239014,ImitrexLamotrigine,MigraineBipolar Disorde,"""At first I suffered through them. This included splitting head pain, nausea, and vomiting. I started using Excedrin after a while which helped if I took it right away. Then that started to not work so well anymore. I had one really bad one that lasted hours. I was still throwing up at 9 pm and I was now throwing up blood. I went to the ER and when I finally got in they put me on an IV to hydrate me. They then added Imitrex to the bag and I soon started feeling side effects. My head felt like I was going to pass out. My breathing became labored and it felt like someone was sitting on my chest. They said that meant it was working. After about two minutes everything was gone. I got pills to take at home and they worked okay. Not as fast.""""I am a 25 year old female. I was diagnosed with bipolar II disorder about 5 years ago. I have been taking 150mg of lamotrigine for over 2 years. Thus far I have experienced significant improvements in controlling my bipolar II disorder. I recently paired 100mg of sertraline to improve the lows. Also, I experience rapid cycling. I rated this drug 70% as I feel I still have a long way to go in recovery. But, the drug has definitely allowed me to be a highly functioning individual.""",15,16-Oct-1222-Nov-17,7,4
30,131317,AzithromycinBlisovi Fe 1 / 20,,"""Very good response. It is so useful for me. """"I absolutely love this product and recommend to everyone. I know everyone&#039;s body is different, so it is not for everyone, but it is not the medicines fault. I have NO negative symptoms since I started this. I used to have heavy periods, terrible cramps and headaches, and my periods were super long. I now have super consistent 3-4 LIGHT periods, no cramps or headaches. I have been on this pill for over a year now and have no desire to switch.""",20,18-Aug-103-Nov-17,5,4
31,123840,SertralineIvermectin,DepressionRosacea,"""1 week on Zoloft for anxiety and mood swings. I take 50mg in the mornings with my breakfast. Nausea on day one  but that subsided as the week went on.  I get the jitters about 2 hrs after taking it followed by yawning. I feel much better though and less angry/stressed.""""I&#039;ve had rosacea for almost 20 years and have been on all kinds of antibiotics. Most I am allergic to the last was erythromycin which worked okay. But the Dr though it was time for me to get off the antibiotics. I&#039;ve been on Soolantra for about 6 months and my face has never looked better. I&#039;m thrilled with everything about it. You do use just a dab so a tube will last at least 3 months if not more. I do have insurance that helps a lot with the cost but what I do pay is well worth it.""",18,7-May-111-Apr-16,22,4
32,412922,ToradolSuprep Bowel Prep Kit,PainBowel Preparation,"""I am 30 years old. I had a multiple composite spinal injuries 15 years ago. The aches and pains unbearable. I started taking anti-inflammatories about 2 years ago. I started getting injections every month of Toradol and &quot;Depo&quot; something. I am almost off all pain meds I mean I still have bad days but I can function again.""""This stuff wasn&#039;t too bad!  I had a hard time with the first dose as I&#039;m not used to very sugary drinks and such.  Because of this, I did think it tasted quite gross.  It had a strange grape salty flavor but it was only 16 oz, so it wasn&#039;t too bad to get down.  I had absolutely no discomfort or nausea.  It worked very fast and I was completely clean for the colonoscopy - this was my first colonoscopy and after having read the awful reviews of the gallon jug prep, I went for this stuff.""",18,11-Feb-1318-Feb-15,31,4
33,371372,TioconazoleMovantik,"Vaginal Yeast InfectionConstipation, Drug Induced","""The burning is out of control about 20 minutes after inserting it . Sat in the bath trying to get this stuff out . This is awful""""my advice on movantik is understand that movantik is an opioid blocker in the same manner that naloxone (found in suboxone) is an opioid blocker. My husband took 12.5mg and was thrown in withdrawal. Nausea first, chills, fever, shaking so hard the bed was vibrating. I thought movantik worked on the backed up s**t but it stops the opioid from working. Of course you will have diarrhea when your pain meds are cut off. It may not happen to everyone but it happened to my husband. I guess it&#039;s back to OIC""",2,11-Sep-1526-Aug-16,26,0
34,148352,ViberziLorcaserin,,"""Have been taking Viberzi for a month now for IBS-D and I can&#039;t be happier. I have ZERO side effects. Thank you for making me normal again!!!!!!""""Have had back and leg pain and sometimes arm pain.""",13,5-Jul-1627-May-14,36,3
35,181669,MobicActos,"OsteoarthritisDiabetes, Type 2","""Reduced my pain by 80% and lets me live a normal life again!""""Have been on Actos for almost a year, gained 24 pounds and have swelling in hands and feet and are retaining a lot of water in my thighs.  My sugar levels are good.  My doctor lowered my dosage from 30 mg to 15 mg but refused to take me off.  Will get a second opinion because the side effects are too much.""",14,13-May-159-Jun-10,124,2
36,303347,DulcolaxDuloxetine,ConstipationPain,"""SO MUCH PAIN! 
In the last 2 years I have suffered with a brain tumour so have been in a LOT of pain to the point of morphine everyday for a year. Then I had brain surgery...but the pain from this pill came pretty close!! In serious pain to the point of blacking out hot and cold shivers and just sat in pain feeling like trapped wind/indigestion it&#039;s just.. Ahhhh!!!! Don&#039;t take this!!!""""Been on 30mg Cymbalta for 2 weeks. Started getting relief by the 2nd day. Am 58 year old male with spinal stenosis, degenerative disc disease, and spondy. Plan was to go to 60mg but I am getting enough relief at 30mg. I believe I will try to stay on that dose to minimize side effects. Some constipation, difficult reaching orgasm, some night sweats and minor headaches. Oh, insomnia if I took it at night.  I had samples of this medicine for 6 months but delayed starting it because of horror stories on the internet. Pain was ruining my life so this medicine seems to be the best option.""",10,13-Feb-1627-Mar-12,42,2
37,154019,MorphineNuvaRing,PainBirth Control,"""I have been on morphine for at least 7 years..It is the only medicine that seems to manage my pain. Without it I would be in bed 90% of the time. With it I can have a life.""""I was on this for 5 years (and birth control pills for about 12 years), and would have told you how fabulous it was.  &lt;List all the benefits everyone else has listed, here.&gt;  Then a friend of mine convinced me to stop birth control all together for a while, and I turned into a new and better person!  I dropped 5 lbs instantly, had a huge sex drive, more lubrication, and just felt better.  I wouldn&#039;t say I was depressed before, but after going off of it, I would describe my time on birth control as feeling like I was inside a cloud.  Less emotions in general, sometimes a little down.  I&#039;m bummed I&#039;m back on it, but it seems to be the least impactful than the others.  I might try Paragard to avoid the hormones.""",15,8-May-1017-Jun-11,19,4
38,202140,MoviPrepEscitalopram,Bowel PreparationDepression,"""I have taken this at least 5-6 times for the last 10 years. I have had major problems with it since the first time. Causing me MAJOR FATIGUE. The last time I took it was 3 year&#039;s ago and I had very severe cramps and not having enough time to get to the bathroom. I went to the hospital and the doctor said it didn&#039;t work good enough so he had me go home and do a second round. I went back the next day and did the process with no energy. I had to do it last night and it was even worse than the other times. I was gagging it down and up all night with severe cramps. I tried the second dose in the morning and I just about started throwing up so I called the office and they said to stop. Once the doctor was done he said it didn&#039;t evacuate enough""""I am a 22 year old female college student. I wanted to write this because when I was at my lowest of low when I felt absolutely hopeless... these positive reviews are what got me through the day. I experienced a lot of change.  I was also in a relationship that made me unhappy. I stopped doing the things I liked to do such as run, party, work, hang out with friends etc. In result, I never had energy. I constantly felt guilty. I cried everyday, sometimes multiple times of day. I went to group therapy. I dropped 10lbs in two weeks. I eventually got on this medicine &amp; the first 4 days felt crazy &amp; tired! TAKE AT NIGHT. Give this medicine time! Now 3 weeks in I am back to myself and am truly happy! Keep your head up.""",11,29-Jun-1729-Apr-14,32,2
39,339983,TrilafonTesamorelin,PsychosisLipodystrophy,"""I had a similar experience.  Tremors in hands (not really noticeable to someone watching unless they were looking for it), but relief from the delusions I was experiencing. My problem has been going on for over 16 years so I anticipate it will not magically disappear (and it didn&#039;t) but the clarity of thinking I experience with this medicine really helps me.""""I have been administering Egrifta now for 2 1/2 month&#039;s, with absolutely no reduction of abdominal fat. I am a thin person with my abdominal fat causing me to be unable to close my buttons and zippers of my clothing. Then I heard of Egrifta thinking it was the answer. Wrong! No results, just a painful irritated, scar tissue in my abdomen now. """,12,23-May-1111-Jan-12,57,2
40,413029,FluconazoleCampral,Vaginal Yeast InfectionAlcohol Dependence,"""I am very prone to yeast infections, I believe it&#039;s due to my birth control as well as having unprotected sex. Fluconazole has always cleared up my yeast infections with 2 doses. No side effects.""""Been a heavy drinker for over 6 years since a major operation that left me addicted on morphine. Replaced morphine with beer and wine everyday. From day one of taking Campral, all my cravings went away. I just don&#039;t feel like a drink anymore.""",18,24-Apr-1723-Aug-13,64,4
41,90024,ContraveGabapentin,ObesityBipolar Disorde,"""I am just finishing my second week taking Contrave and have lost 10 lbs. It has been an interesting experience because the drug is definitely not an appetite suppressant, yet it does help you control the urge to eat. I have had mild side effects - some stomach discomfort and slight headaches along with constipation, but it has all been easily manageable. If you are considering taking this medication please keep in mind that you still need to do the work by exercising and eating right, but the medication really does help. It has helped me get my motivation back to exercise, and it definitely helps with cravings to eat making it easy to just eat what I need to be healthy. Use the coupon they give you, it drops cost to $70""""I started taking gabapentin experimentally to treat chronic depression and am now prescribed 1800mg a day.  At doses of 2700mg I experienced a significant improvement in impulse control and depression in general.  Went from being a shut in, to going for walks and enjoying my time in the company of others.  At the lower dose of 1800mg a day, I don&#039;t experience much improvement, save for a decrease in depressive symptoms.  I&#039;m looking forward to a larger dose if my doctor okays it.""",16,4-Nov-1524-Sep-14,84,4
42,303699,ClonazepamLevonorgestrel,Panic DisordeEmergency Contraception,"""This medication changed my life.  My panic attacks were so out of control I was barely able to leave the house.  Within 2 days, a moderate does of this changed me into a new person.  That was 15 years ago.  My dosage has never changed.""""I want to share my experience to possibly ease some of the ladies out there.
The incident occur in Nov 18 (the condom broke) and it was 4 days after my period ended and approximately 4 days before ovulation. This means I was fertile. 
when we noticed that the condom broke, we immediately bought Plan B One Step and was taken about 45 minutes or an hour later. 
The sooner you take the greater the chances it will work.
So I waited anxiously, praying I get my period. I felt side effects such as fatigue, bloated, nauseous, cramps, and moody. I was that these might be  this pregnancy symptoms. 
I waited exactly two weeks and I got my period. I was the happiest person ever. My period was here early by approximately 3-4 days. Good luck.""",19,1-Apr-0828-Dec-13,50,4
43,113427,MetaxaloneAubra,Muscle SpasmBirth Control,"""I have been taking this medicine due to lower back trouble.  When I first took it, it worked great, now all it does is put me to sleep.""""I&#039;m absolutely DONE taking this horrible birth control! I&#039;ve  been taking Aubra for a month and a half... I&#039;m moody, irritable, depressed, hungry, bitchy... vaginal discharge has changed  (gross), my urine smells, my acne has gotten so out of hand and it&#039;s STUBBORN. Cystic acne all around my mouth, jawline, Chin and neck. After doing some research online, I discovered I&#039;m not the only one. Birth control is different for everyone but this is going in the trash... I will not be taking this any longer. It also kills your sex drive... as for the difference in bleeding, I wouldn&#039;t know. I started this pill on day 1 of menstrual cycle last month and haven&#039;t had a period yet... have had plenty of headaches though! """,6,4-Jun-1413-Dec-15,61,1
44,200902,VenlafaxinePlan B One-Step,DepressionEmergency Contraception,"""my gp started me on Venlafaxine yesterday to help with depression and the change,a hour after taking them i was feeling very sick couldn,t stomach food or fluids, thought keep it up as she told me they did come with some side effects which would get better,took another one last night and was so ill i couldn,t stand ,being sick sweating shaking thought i was going to pass out. Did get some sleep hopeing to feel better this morning,took another one and felt so spaced out dry mouth shaking ,sick, so booked in to see gp again to make sure i should be feeling like this, only to find out she had put me on the wrong dose should have been on 37.5mg was put on 150mg, now on right dose hope this will be better""""Our condom seemed to not have worked properly, but I had to work so I didn&#039;t take the pill until about 18 hours later. I have taken the two pill process about a year ago when the same had happened, and I didn&#039;t become pregnant then nor experience side effects that were noticeable. With this pill, I have been tired, but I am a teacher who works long hours and grades late into the evening so I didn&#039;t attribute it to the pill. I was not nauseated but took it a couple of hours before bed and was my usual tired self. My period came 5 days later with a vengance (strong cramps/heavier bleeding). It is 2 weeks early, which scared me a bit. That is why I wrote this review and sought out others. I also experienced diarrhea due to cramps being so strong.""",12,27-Apr-1619-Jan-12,24,2
45,129366,Ledipasvir / sofosbuvirEthinyl estradiol / etonogestrel,Hepatitis CBirth Control,"""At initial testing my VL was over 6 million. I received my meds on saturday 2 days prior to testing to establish a baseline. I started when I received my pills. 2 days and 5 hours later I got my blood test to establish VL, I had taken 3 pills at this point and my VL was under 700.  VL @ 4 weeks was 0 . VL @ 8 weeks was 0 and @ 12 weeks was 0 .  2 weeks til my 1st EOT test. I feel cured. My side effects were next to nothing.""""I started on the oral contraceptive pill but got horrible nausea and vomiting, so this was my next option. NuvaRing has been fantastic, it has a fraction of the hormones and I get no nausea. Insertion and removing is really not a hassle, and you cannot feel it at all. For me, it beats the pill and vomiting, along with all the other symptoms. I haven&#039;t had any noticeable mood issues or migraines. I would recommend it to anyone!""",20,22-Sep-1513-Dec-12,4,4
46,331041,Ledipasvir / sofosbuvirMicrogestin Fe 1.5 / 30,Hepatitis CBirth Control,"""Side effects are light- fatigue and a bit of a headache. I did find it easier to take it an hour after dinner.  WAY better then the triple-threat approach.  My blood work does indicate that I am in the beggining stages of cirrhosis. I also had Hep B in 1994. 

So far, it&#039;s like a miracle.  Other than the fatigue (which is nothing if you&#039;ve suffered Jaundice or the &#039;Sickie&#039; symptoms that Hep C can cause), it&#039;s business as usual.""""About two months ago I had to switch from LoLestrin Fe to microgestin due to my insurance and pharmacy. Since starting microgestin I&#039;ve noticed insane bloating and nausea and weird discharge. While on lolestrin, my periods consisted of spotting and average side effects, nothing too serious, but after one month of micro I got my period and it was heavy and the cramping was so painful I had to leave my class. I&#039;ve also noticed I&#039;ve developed bad depression and my mood swings are very intense. My anxiety is bad and my sex drive is very low if not nonexistent anymore. It helped with my acne but I&#039;m a lot more paranoid about getting pregnant than I was on lolestrin. I&#039;m going to be talking to my doctor about possibly getting the shot.""",10,31-Dec-1431-Oct-16,98,2
47,359586,SymbyaxWellbutrin,Bipolar DisordeMajor Depressive Disorde,"""Helps against sadness, and strongly counters moderate urges to drink at a stressful, confusing time in my life.""""Coming from a very problematic childhood, I&#039;ve been labeled everything from A to Z by psychiatrists and given a slew of meds. Wellbutrin in my experience has been beyond beneficial. At first for the first week or two I had slight tremors, irregular heartbeat, major insomnia and headaches but dismissed. I still have slight insomnia which is why I take them when I wake up. But reading comprehension, multitasking, thought focus and moods overall have dramatically improved! I&#039;m one of those people that may have to take them for the rest of my life but I&#039;m not complaining =). One thing that does bother me tho is dry mouth from wellbutrin but I take biotene which helps a bit. Enough to make it worth it anyways lol.""",16,17-Oct-106-Mar-15,71,4
48,319529,TamsulosinClonazepam,Overactive BladdeAnxiety,"""24 Year Old, Male, UK ,Normally I would go every hour, even when drinking very small amounts of water or drinks.

I took this medication for only two weeks, I noticed right away I would go less often to the toilet, and it was much easier to dispense the urine. 

Unfortunately I had to stop taking this as the medications side effects outweighed the benefits. I found that I would have incredibly intense mood swings, aggression, feel clumsy and dizzy all the time. Blurry vision. Memory problems or mind blanks. runny nose, weakness, tiredness.

I am now trying Betmiga.. lets see""""Works for me""",10,3-Jan-1724-Mar-13,30,1
49,355095,DoxycyclineBenzoyl peroxide / clindamycin,Urinary Tract InfectionAcne,"""I battled a nasty UTI for over a month &amp; went through 3 different antibiotics till my doctor finally gave me this one. Makes you terribly sick to your stomach but in the end is completely worth it!! Felt completely back to normal in 2 days!!""""My GP had prescribed this to me at my requests for something to deal with my acne. I used this medication for about a month or a little longer. This medication dries out my face something terrible. I had to slather moisturizer on my face, which was probably counterintuitive. The medication worked well at drying out existing acne on my face but did nothing to prevent new acne. Every day I would wake up to new zits. I ended up going to a dermatologist and had something else prescribed. 

Also, with this medication containing benzoyl peroxide it stains your sheets very badly (thankfully, I already had a pillow case that resisted staining, same can&#039;t be said for the sheets).""",11,6-Jul-1626-Jan-17,46,2
